extracto de siempreviva,extracto de siempreviva,I0000
microresyl,microresyl,I0001
emoliente,emoliente,I0002
suavizante,suavizante,I0003
dibutyl adipate,adipato de dibutilo,I0004
isoamyl laurate,laurato de isoamilo,I0005
lauryl peg/ppg-18/18 methicone,meticona peg/ppg-18/18 de laurilo,I0006
propanediol,propanodiol,I0007
alcohol denat.,alcohol denaturado,I0008
bakuchiol,bakuchiol,I0009
2-hexanediol,2-hexanodiol,I0010
pentylene glycol,pentilenglicol,I0011
caprylic/capric triglyceride,triglicérido caprílico/cáprico,I0012
ethylcellulose,etilcelulosa,I0013
hydroxyacetophenone,hidroxiacetofenona,I0014
pentaerythrityl tetra-di-t-butyl hydroxyhydrocinnamate,hidroxihidrocinamato de pentaeritritilo tetra-di-t-butilo,I0015
4-t-butylcyclohexanol,4-t-butilciclohexanol,I0016
caprylyl glycol,capriloil glicol,I0017
sodium acrylates crosspolymer-2,copolímero de acrilato de sodio-2,I0018
polyacrylate crosspolymer-6,copolímero de poliacrilato-6,I0019
vigna aconitifolia seed extract,extracto de semilla de vigna aconitifolia,I0020
tocopheryl acetate,acetato de tocoferilo,I0021
maltodextrin,maltodextrina,I0022
melatonin,melatonina,I0023
retinal (retinaldehyde),retinaldehído,I0024
silica,sílice,I0025
disodium edta,edta disódico,I0026
phospholipids,fosfolípidos,I0027
synthetic fluorphlogopite,fluorfelogopita sintética,I0028
ascorbic acid,ácido ascórbico,I0029
t-butyl alcohol,alcohol t-butilo,I0030
rosmarinus officinalis (rosemary) leaf extract,extracto de hoja de romero,I0031
palmitoyl tetrapeptide-7,tetrapéptido-7 palmitoil,I0032
tin oxide,óxido de estaño,I0033
chrysin,crisina,I0034
isononanoato de cetearilo,isononanoato de cetearilo,I0035
alcoholes c14-22,alcoholes c14-22,I0036
miristato de isopropilo,miristato de isopropilo,I0037
almidón de zea mays/almidón de maíz,almidón de maíz,I0038
carbómero,carbómero,I0039
alcohol cetearílico,alcohol cetearílico,I0040
metosulfato de behentrimonio,metosulfato de behentrimonio,I0041
citrato de trietil,citrato de trietilo,I0042
sílice,sílice,I0025
hidróxido de sodio,hidróxido de sodio,I0043
hialuronato de sodio,hialuronato de sodio,I0044
lauroil lactilato de sodio,lauroil lactilato de sodio,I0045
colesterol,colesterol,I0046
fenoxietanol,fenoxietanol,I0047
caprilil glicol,capriloil glicol,I0017
disuccinato de etilendiamina trisódica,disuccinato de etilendiamina trisódico,I0048
fitoesfingosina,fitoesfingosina,I0049
poliacrilato crospolímero-6,copolímero de poliacrilato-6,I0019
ácido benzoico,ácido benzoico,I0050
alquil glucósido c12-20​,alquil glucósido c12-20,I0051
protege,INVÁLIDO,I0052
de amplio espectro,INVÁLIDO,I0052
cortos​,INVÁLIDO,I0052
pidolato de zinc,pidolato de zinc,I0053
glicacyl,glicacil,I0054
con ph 5.5,INVÁLIDO,I0052
lha) para reducir imperfecciones,ácido lipohidroxi,I0055
marcas,INVÁLIDO,I0052
anti-irritación,INVÁLIDO,I0052
propylheptyl caprylate,caprilato de propilheptilo,I0056
glyceryl stearate citrate,citrato de estearato de glicerilo,I0057
glycol palmitate,palmitato de glicerilo,I0058
squalane,escualano,I0059
sucrose stearate,estearato de sacarosa,I0060
mangifera indica (mango) seed butter,manteca de semilla de mango,I0061
acrylates/c10-30 alkyl acrylate crosspolymer,copolímero de acrilatos/c10-30 alquil acrilato,I0062
carnosine,carnosina,I0063
hydroxyethyl acrylate/sodium acryloyldimethyl taurate copolymer,copolímero de acrilato de hidroxietilo/taurato de sodio,I0064
mannitol,manitol,I0065
xylitol,xilitol,I0066
salvia miltiorrhiza flower/leaf/root extract,extracto de flor/hoja/raíz de salvia miltiorrhiza,I0067
rhamnose,ramnosa,I0068
glycine soja (soybean) oil,aceite de soja,I0069
polysorbate 60,polisorbato 60,I0070
sorbitan isostearate,isostearato de sorbitán,I0071
palmitoyl tetrapeptide-10,tetrapéptido-10 palmitoil,I0072
bi 2012,bi 2012,I0073
triterpenos  de centella asiática,triterpenos de centella asiática,I0074
la producción de fibronectina.hidroxiprolisilano cn,INVÁLIDO,I0052
colágenoaceite de rosa mosqueta,INVÁLIDO,I0052
linolénico),INVÁLIDO,I0052
activa las prostaglandinasmanteca de shorea (omega 6,manteca de shorea,I0075
coco-glucoside,coco-glucósido,I0076
sodium laureth sulfate,laureth sulfato de sodio,I0077
peg-8,peg-8,I0078
glycolic acid,ácido glicólico,I0079
gluconolactone,gluconolactona,I0080
phenoxyethanol,fenoxietanol,I0047
trisodium ethylenediamine disuccinate,disuccinato de etilendiamina trisódico,I0048
sodium hydroxide,hidróxido de sodio,I0043
fórmula con sphingobioma que rebalancea las funciones del microobioma,sphingobioma,I0081
nueva tecnolgía cellox b3,cellox b3,I0082
phe - resorcinol,resorcinol,I0083
l.h.a,ácido lipohidroxi,I0055
isobutylamido thiazolyl resorcinol,resorcinol amido tiazólico isobutilo,I0084
alcohol denat,alcohol denaturado,I0008
glyceryl stearate,estearato de glicerilo,I0085
glycyrrhiza inflata root extract,extracto de raíz de glycyrrhiza inflata,I0086
capryliccapric triglyceride,triglicérido caprílico/cáprico,I0012
cocoglycerides,cocoglicéridos,I0087
cetearyl alcohol,alcohol ceteárico,I0088
cetyl palmitate,palmitato de cetilo,I0089
ci 77891,dióxido de titanio,I0090
ci 77492,óxido de hierro amarillo,I0091
ci 77491,óxido de hierro rojo,I0092
ci 77499,óxido de hierro negro,I0093
isopropyl palmitate,palmitato de isopropilo,I0094
butyrospermum parkii butter,manteca de karité,I0095
lauroyl lysine,lisina lauroil,I0096
sodium hyaluronate,hialuronato de sodio,I0044
sodium stearoyl glutamate,estearoil glutamato de sodio,I0097
sodium chloride,cloruro de sodio,I0098
pimpinella anisum fruit extract,extracto de fruto de pimpinella anisum,I0099
trisodium edta,edta trisódico,I0100
ascorbic-acid,ácido ascórbico,I0029
distarch phosphate,fosfato de distarch,I0101
methylpropanediol,metilpropanodiol,I0102
peg-40 stearate,estearato de peg-40,I0103
sorbitan stearate,estearato de sorbitán,I0104
sodium cetearyl sulfate,sulfato de ceteárico de sodio,I0105
acrylic acid-vp crosspolymer,copolímero de ácido acrílico-vp,I0106
1-2-hexanediol,12-hexanodiol,I0107
piroctone olamine,piroctona olamina,I0108
bht,bht,I0109
tribioma prebiotic complex,tribioma,I0110
acelera la riepitelización,INVÁLIDO,I0052
retinyl palmitate,palmitato de retinilo,I0111
adenosina,adenosina,I0112
phylobioma,filobioma,I0113
la hiperqueratinización.procerad,procerad,I0114
mexoryl 400,mexoryl 400,I0115
tecnología oil control,INVÁLIDO,I0052
controla todas las causas de brillo (sebo,control de sebo,I0116
xl-protect,xl-protect,I0117
antioxidantes que va más allá de la protección de amplio espectro contra los rayos uva,antioxidantes,I0118
uvb para crear un escudo contra los daños producidos por otros agresores de la piel como los rayos infrarrojos,filtros uvb,I0119
antioxidantes gracias a su alta concentración de selenio,antioxidantes,I0118
bb pigmentos,pigmentos para bb cream,I0120
airlicium,airlicium,I0121
perlita,perlita,I0122
matificante,INVÁLIDO,I0052
ethylhexyl salicylate,salicilato de etilhexilo,I0123
ethylhexyl triazone,triazona de etilhexilo,I0124
bis-ethylhexyloxyphenol methoxyphenyl triazine,bemotrizinol,I0125
butyl methoxydibenzoylmethane,avobenzona,I0126
phenylbenzimidazole sulfonic acid,ácido fenilbenzimidazol sulfónico,I0127
diisopropyl sebacate,sebato de diisopropilo,I0128
arginine,arginina,I0129
vp/eicosene copolymer,copolímero vp/eicoseno,I0130
hydrated silica,sílice hidratada,I0131
tetrasodium glutamate diacetate,diacetato de glutamato tetrasódico,I0132
sclerotium gum,goma de esclerotio,I0133
porphyridium cruentum extract,extracto de porphyridium cruentum,I0134
sistema de filtros mexoplex,INVÁLIDO,I0052
sodium cocoamphoacetate,cocoamfoacetato de sodio,I0135
coco-betaine,coco-betaína,I0136
glyceryl glucoside,glucósido de glicerilo,I0137
sodium benzoate,benzoato de sodio,I0138
sd alcohol 40 b (alcohol denat),alcohol denaturado,I0008
glycereth-26,gliceret-26,I0139
disodiumphosphate,fosfato disódico,I0140
caffeine,cafeína,I0141
polysorbate 80,polisorbato 80,I0142
adenosine,adenosina,I0112
pyrrolidinyldiaminopyrimidine oxide,óxido de pirrolidindiaminopirimidina,I0143
copper tripeptide-1,tripeptido-1 de cobre,I0144
menthol,mentol,I0145
myristoyl pentapeptide-17,pentapéptido-17 miristoilo,I0146
lecithin,lecitina,I0147
lysophosphatidic acid,ácido lisofosfatídico,I0148
lysolecithin,lisolecitina,I0149
linalool,linalol,I0150
hexyl cinnamal,hexil cinamal,I0151
citronellol,citronelol,I0152
isoeugenol,isoeugenol,I0153
benzyl cinnamate,cinamato de bencilo,I0154
proteoglicanos,proteoglicanos,I0155
bioshield,bioshield,I0156
spectrum complex,spectrum complex,I0157
pigmentos,pigmentos,I0158
no comedogénico,INVÁLIDO,I0052
libre de fragancias,INVÁLIDO,I0052
combinación de azucares),INVÁLIDO,I0052
glucosido de coco,glucósido de coco,I0159
oleato de glicerilo,oleato de glicerilo,I0160
sulfato de cobre,sulfato de cobre,I0161
ginger gel protect,ginger gel protect,I0162
sodium benzoate de ingredientes de origen naturalse aconseja al consumidor que consulte sistemáticamente la composición del producto antes de comprarlo,benzoato de sodio,I0138
triethanolamine,trietanolamina,I0163
phenylbenzimidazole sulphonic acid,ácido fenilbenzimidazol sulfónico,I0127
tribehenin peg-20 esters,ésteres peg-20 de tribehenina,I0164
lauryl peg/ppg-19/18 methicone,meticona peg/ppg-19/18 de laurilo,I0165
ethylhexyl methoxycinnamate,metoxicinamato de etilhexilo,I0166
octocrylene,octocrileno,I0167
methicone copolymer,copolímero de meticona,I0168
aluminum hydroxide,hidróxido de aluminio,I0169
c12-c15 alkyl benzoate,benzoato de alquilo c12-15,I0170
hexamethyldisiloxane,hexametildisiloxano,I0171
cyclopentasiloxane,ciclopentasiloxano,I0172
cyclohexasiloxane,ciclohexasiloxano,I0173
alcohol,alcohol,I0174
acrylates copolymer,copolímero de acrilatos,I0175
tapioca starch,almidón de tapioca,I0176
zinc,zinc,I0177
airlicium) con tecnología cellox-b3 (mexoryl xl,airlicium,I0121
dicaprylyl carbonate,carbonato de dicaprililo,I0178
hydrogenated castor oil,aceite de ricino hidrogenado,I0179
oryza sativa cera (oriza sativa rice bran wax),cera de salvado de arroz,I0180
candelilla cera (euphorbia cerifera wax),cera de candelilla,I0181
diethylamino hydroxybenzoyl hexyl benzoate,hexil benzoato de diethylamino hidroxybenzoyl,I0182
butyrospermum parkii (shea) butter,manteca de karité,I0095
brassica campestris (rapeseed) sterols,esteroles de brassica campestris,I0183
panthenol,pantenol,I0184
helianthus annuus (sunflower) seed extract,extracto de semilla de girasol,I0185
phaeodactylum tricornutum extract,extracto de phaeodactylum tricornutum,I0186
biopep-15,biopep-15,I0187
piroctona olamina,piroctona olamina,I0108
aloe vera,aloe vera,I0188
extracto de hamamelis virginiana,extracto de hamamelis virginiana,I0189
extracto de própolis,extracto de própolis,I0190
extracto de algas,extracto de algas,I0191
filtros solares,INVÁLIDO,I0052
extracto de cacao,extracto de cacao,I0192
fracciones probióticas,fracciones probióticas,I0193
paraffinum liquidum,paraffinum liquidum,I0194
cera microcristallina,cera microcristalina,I0195
ceresin,ceresina,I0196
lanolin alcohol,alcohol de lanolina,I0197
bisabolol,bisabolol,I0198
cetearyl isononanoate,isononanoato de cetearyl,I0199
pantolactone,pantolactona,I0200
gellan gum,goma de gellan,I0201
carrageenan,carragenina,I0202
cetyl alcohol,alcohol cetílico,I0203
behenyl alcohol,alcohol behenílico,I0204
isohexadecane,isohexadecano,I0205
undecane,undecano,I0206
tridecane,tridecano,I0207
4-methylbenzylidene camphor,camfóro 4-metilbenzilideno,I0208
"""""",INVÁLIDO,I0052
phenylpropanol,fenilpropanol,I0209
magnesium aspartate,aspartato de magnesio,I0210
copper gluconate,gluconato de cobre,I0211
alpha-isomethyl ionone,alfa-isometilionona,I0212
ci 42090 (blue 1),azul ci 42090,I0213
green 6 (ci 61565),verde 6 (ci 61565),I0214
violet 2 (ci 60725),violeta 2 (ci 60725),I0215
di-c12-13 alkyl malate,di-c12-13 alquil malato,I0216
salicylic acid,ácido salicílico,I0217
sodium polyacryloyldimethyl taurate,taurato de sodio poliacrilodimetilo,I0218
arachidyl alcohol,alcohol aráquidico,I0219
arachidyl glucoside,glucósido aráquidico,I0220
sodium citrate,citrato de sodio,I0221
chondrus crispus extract,extracto de chondrus crispus,I0222
propyl gallate,galato de propilo,I0223
sodium metabisulfite,metabisulfito de sodio,I0224
filtros solares uva,INVÁLIDO,I0052
uvb,INVÁLIDO,I0052
extracto de achicoria,extracto de achicoria,I0225
tecnología netlock,INVÁLIDO,I0052
calma,INVÁLIDO,I0052
urea,urea,I0226
lha,lipohidroxiácido,I0227
6-ii,INVÁLIDO,I0052
proxylane,proxylane,I0228
péptidos procolágeno al,péptidos procolágeno,I0229
caprylic-capric-triglyceride,triglicérido caprílico/cáprico,I0012
carbomer,carbómero,I0039
acrylates/vinyl isodecanoate crosspolymer,copolímero de acrilatos/vinilo isodecanoato,I0230
dicetyl phosphate,fosfato de dicetilo,I0231
ceteth-10 phosphate,fosfato de ceteth-10,I0232
ethylhexyl methoxycinnate,metoxicinamato de etilhexilo,I0166
stearic acid,ácido esteárico,I0233
ciclopentasiloxane,ciclopentasiloxano,I0172
propylene glicol,propilenglicol,I0234
chlorphenesin,clorfenesina,I0235
argania spinosa kernel oil,aceite de semilla de argania spinosa,I0236
day repairsomes,INVÁLIDO,I0052
lipopéptido q10,lipopéptido Q10,I0237
cafeína,cafeína,I0141
glycereth-7 triacetate,triacetato de gliceret-7,I0238
tranexamic acid,ácido tranexámico,I0239
potassium chloride,cloruro de potasio,I0240
potassiumazeloyl diglycinate,diglicinato de azeloilo de potasio,I0241
lepidium sativum sproutextract,extracto de brote de lepidium sativum,I0242
genistein,genisteína,I0243
dipropylene glycol,dipropilenglicol,I0244
hydroxymethoxyphenyl decanone,decanona hidroximetoxifenil,I0245
sodium ascorbyl phosphate,fosfato de ascorbilo de sodio,I0246
alpha-arbutin,alfa-arbutina,I0247
polysorbate 20,polisorbato 20,I0248
acetyl glucosamine,acetilglucosamina,I0249
cellulose gum,goma de celulosa,I0250
alanine,alanina,I0251
aspartic acid,ácido aspártico,I0252
glycine,glicina,I0253
histidine,histidina,I0254
isoleucine,isoleucina,I0255
pca,PCA,I0256
phenylalanine,fenilalanina,I0257
proline,prolina,I0258
serine,serina,I0259
sodium lactate,lactato de sodio,I0260
sodium pca,PCA de sodio,I0261
threonine,treonina,I0262
valine,valina,I0263
sodium benzotriazolyl butylphenolsulfonate,butilfenolsulfonato benzotriazolil de sodio,I0264
zingiber officinale root extract,extracto de raíz de jengibre,I0265
péptidos procolágeno,péptidos procolágeno,I0229
hydrogenated coco-glycerides,coco-glicéridos hidrogenados,I0266
c12-15 alkyl benzoate,benzoato de alquilo C12-15,I0267
cera alba,cera alba,I0268
hydroxypropyl starch phosphate,fosfato de almidón hidroxipropílico,I0269
stearyl alcohol,alcohol estearílico,I0270
arctium lappa fruit extract,extracto de fruto de arctium lappa,I0271
creatine,creatina,I0272
1-methylhydantoin-2-imide,1-metilhidantoína-2-imida,I0273
palmitic acid,ácido palmítico,I0274
myristic acid,ácido mirístico,I0275
arachidic acid,ácido araquídico,I0276
oleic acid,ácido oleico,I0277
1.mineral 89,INVÁLIDO,I0052
alfa-hidroxiácidos,alfa-hidroxiácidos,I0278
colágeno marino,colágeno marino,I0279
corregir las manchas.*polihidroxiácidos,polihidroxiácidos,I0280
derivado de bifidus (probiótico),bifidus,I0281
ficosacárido,ficosacárido,I0282
disodium lauryl,lauril disódico,I0283
sulfosuccinate,sulfosuccinato,I0284
sodium cocoyl,cocoyl de sodio,I0285
isethionate,isetionato,I0286
cocamidopropyl betaine,cocoamidopropil betaína,I0287
octyldodecanol,octildodecanol,I0288
fps 30,INVÁLIDO,I0052
neurosensina que calma las pieles sensibles,neurosensina,I0289
aha,alfa-hidroxiácidos,I0278
spf 50,INVÁLIDO,I0052
complejo sk5r,INVÁLIDO,I0052
complejo tlr2-regul asociación de plantas,INVÁLIDO,I0052
perlas verdes,INVÁLIDO,I0052
oligoelementos,oligoelementos,I0290
como el selenio,selenio,I0291
suavizantes,INVÁLIDO,I0052
cientificamente comprobadas,INVÁLIDO,I0052
mica,mica,I0292
zinc oxide,óxido de zinc,I0293
polymethylsilsesquioxane,polimetilsilsesquioxano,I0294
calcium silicate,silicato de calcio,I0295
triethoxycaprylylsilane,trietoxicaprililsilano,I0296
benzylidene dimethoxydime-thylindanone,dimetoxidimetilindanona benzilideno,I0297
/- may contain,INVÁLIDO,I0052
ci 77491 (iron oxides),óxido de hierro rojo (ci 77491),I0298
ci 77499 (iron oxides),óxido de hierro negro (ci 77499),I0299
decylene glycol,glicol decileno,I0300
glucosylrutin,glucosilrutina,I0301
isoquercitrin,isoquercitrina,I0302
ammonium-acryloyldimethyltaurate-vp-copolymer,copolímero de acrililo dimetiltaurato de amonio-VP,I0303
diethylhexyl butamido triazone,butamidotriazona dietilhexílica,I0304
polyglyceryl-6stearate,estearato de poliglicerilo-6,I0305
brassica campestris/aleurites fordii oil copolymer,copolímero de aceite de brassica campestris/aleurites fordii,I0306
c20-22 alkylphosphate,alquilfosfato C20-22,I0307
c20-22 alcohols,alcoholes C20-22,I0308
microcrystalline cellulose,celulosa microcristalina,I0309
polyglyceryl-6behenate,behenato de poliglicerilo-6,I0310
ectoin,ectoína,I0311
o-cymen-5-ol,o-cimen-5-ol,I0312
diisopropylsebacate,sebacato de diisopropilo,I0313
fructooligosaccharides,fructooligosacáridos,I0314
laminaria ochroleuca extract,extracto de laminaria ochroleuca,I0315
complejo de filtros de la luz azul uva-uvb,INVÁLIDO,I0052
patante bariesun,INVÁLIDO,I0052
patente telomeres protect,INVÁLIDO,I0052
acabado invisible,INVÁLIDO,I0052
probado bajo control dermatológico,INVÁLIDO,I0052
sodium lauryl sulfate,sulfato de lauril de sodio,I0316
cocamide dea,cocoamida DEA,I0317
tetrasodium edta,EDTA tetrasódico,I0318
ácidos exfoliantes),INVÁLIDO,I0052
péptidos pro colágeno,péptidos procolágeno,I0229
extracto de alga mediterránea,extracto de alga mediterránea,I0319
polyglyceryl-6 stearate,estearato de poliglicerilo-6,I0305
silica dimethyl silylate,silicato dimetil siliar,I0320
arginine hcl,clorhidrato de arginina,I0321
glycyrrhetinic acid,ácido glicirretínico,I0322
copernicia cerifera cera,cera de copernicia cerifera,I0323
poly-glyceryl-6 behenate,behenato de poliglicerilo-6,I0310
hydroxypropyl methylcellulose,metilcelulosa hidroxipropílica,I0324
polyglyceryl-6 distearate,distearato de poliglicerilo-6,I0325
cetyl esters,ésteres de cetilo,I0326
jojoba esters,ésteres de jojoba,I0327
capryloyl salicylic acid,ácido capriloil salicílico,I0328
mineral salts,sales minerales,I0329
vitreoscilla ferment,fermento de Vitreoscilla,I0330
acacia decurrens flower cera,cera de flor de acacia decurrens,I0331
acacia decurrens flower wax,cera de flor de acacia decurrens,I0331
acrylamide/sodium acryloyldimethyltaurate copolymer,copolímero de acrilamida/taurato de sodio acryloildimetilo,I0332
helianthus annuus seed cera,cera de semilla de Helianthus annuus,I0333
sunflower seed wax,cera de semilla de girasol,I0334
polyglyceryl-3 beeswax,cera de abejas poliglicerilo-3,I0335
sorbitan oleate,oleato de sorbitán,I0336
la contaminación,INVÁLIDO,I0052
ethoxydiglycol,etoxidiglicol,I0337
propylene glycol,propilenglicol,I0234
laureth-23,laureth-23,I0338
ferulic acid,ácido ferúlico,I0339
pantenolno comedogénico,INVÁLIDO,I0052
sin aceite,INVÁLIDO,I0052
sin perfume,INVÁLIDO,I0052
05 g,INVÁLIDO,I0052
precisa,INVÁLIDO,I0052
patente sun active defense,INVÁLIDO,I0052
reforzada contra los rayos uva,INVÁLIDO,I0052
una asociación de filtros uv,INVÁLIDO,I0052
una protección biológica que mejora la capacidad de autodefensa de la piel para ayudar a mantener un cuidado duradero de su salud frente al sol,INVÁLIDO,I0052
2071688 1 - ingredients,INVÁLIDO,I0052
bis-ethylhexyloxyphenolmethoxyphenyl triazine,bemotrizinol,I0125
butylmethoxydibenzoylmethane,avobenzona,I0126
isopropyl myristate,miristato de isopropilo,I0037
c12-15 alkyl lbenzoate,benzoato de alquilo C12-15,I0267
c12-22 alkyl acrylate/hydroxyethylacrylatecopolymer,copolímero de acrilato de alquilo C12-22/hidroxiacrilato de etilo,I0340
methoxypropylamino cyclohexenylideneethoxyethylcyanoacetate,methoxypropylamino cyclohexenylideneethoxyethylcyanoacetate,I0341
butyrospermum parkii butter 7 dshea butter,manteca de karité (Butyrospermum parkii),I0342
drometrizoletrisiloxane,drometrizoltrisiloxano,I0343
phenylbenzimidazole sulfonic acid .sodium polyacrylate · triethanolamine · trisodium ethylenediamine.disuccinate,ácido fenilbenzimidazol sulfónico,I0127
(code f.i.l,INVÁLIDO,I0052
combinación óptima,INVÁLIDO,I0052
estable de filtros solaresfernblock®,INVÁLIDO,I0052
tinosorba2b,tinosorb A2B,I0344
luz visiblesistema despigmentante,INVÁLIDO,I0052
ácido elágicosistema antipoluciónpigmentos nude,INVÁLIDO,I0052
retinsphere® technology,INVÁLIDO,I0052
complejo seborregulador,INVÁLIDO,I0052
sistema matificante,INVÁLIDO,I0052
polvos absorbentes,INVÁLIDO,I0052
matificantes,INVÁLIDO,I0052
ácido tranexámico,ácido tranexámico,I0239
pantenol,pantenol,I0184
madecassosside,madecassosside,I0345
dermochlorella,dermochlorella,I0346
corregir las manchas.mexoryl,INVÁLIDO,I0052
filtro uv exclusivo que protege contra los rayos uv más insidiosos,INVÁLIDO,I0052
* 340-400nm = uva largos/ 380-400nm = el final del espectro uv al cual llamamos ultra-long uva,INVÁLIDO,I0052
principios activos,INVÁLIDO,I0052
extracto de algas rojas — pigmentos encubridores — filtros uv,extracto de algas rojas,I0347
andrographolido,andrographolido,I0348
glabridina,glabridina,I0349
extracto de laminaria ochroleuca,extracto de laminaria ochroleuca,I0315
péptidos,péptidos,I0350
cobre/zinc/manganeso para estimular la producción de células nuevas,cobre,I0351
madecasoside para favorecer una buena organización celular,madecasoside,I0352
conseguir una reparación epidérmica rápida,INVÁLIDO,I0052
de buena calidad,INVÁLIDO,I0052
su textura protectora está enriquecida con agentes antibacterianos que protegen la piel,INVÁLIDO,I0052
sistema filtrante netlock,INVÁLIDO,I0052
glicosilasaphysavieotz 10melanina biomiméticacomplejo seborregulador,INVÁLIDO,I0052
matificantearginina,arginina,I0129
neohesperidina natural,neohesperidina,I0353
polifenoles de pino marítimo,polifenoles de pino marítimo,I0354
.,INVÁLIDO,I0052
sodium polyacrylate,poliacrilato de sodio,I0355
dipotassium glycyrrhizate,glicirrizato de dipotasio,I0356
hydrogenated polydecene,polideceno hidrogenado,I0357
polyquaternium-51,poliquaternium-51,I0358
laminaria ochroleuca extract (bi 479),extracto de laminaria ochroleuca,I0315
diisopropyl adipate,adipato de diisopropilo,I0359
panthenol or dexpanthenol,pantenol,I0184
triisostearin,triisostearina,I0360
sébulyse,INVÁLIDO,I0052
el sebo de la superficie de la piel,INVÁLIDO,I0052
2039132 44-ingredients,INVÁLIDO,I0052
potassium hydroxide,hidróxido de potasio,I0361
polyquaternium-67,poliquaternium-67,I0362
salicylicacid,ácido salicílico,I0217
bis-ethylhexyloxy-phenol methoxyphenyl triazine,bemotrizinol,I0125
diisostearoyl polyglyceryl-3 dimer dilinoleate,dilinoleato de diisostearoil poliglicerilo-3,I0363
hydrogenated rapeseed oil,aceite de semilla de colza hidrogenado,I0364
sucrose polystearate,poliestearato de sacarosa,I0365
hydrogenated polyisobutene,poliisobuteno hidrogenado,I0366
filtros minerales,INVÁLIDO,I0052
fernblock®,INVÁLIDO,I0052
filtros  minerales,INVÁLIDO,I0052
glicosilasa,glicosilasa,I0367
physavie,INVÁLIDO,I0052
otz 10,OTZ 10,I0368
melanina biomimética,melanina biomimética,I0369
vitis vinifera seed oil,aceite de semilla de vitis vinifera,I0370
glyceryl stearate se,estearato de glicerilo SE,I0371
oenothera biennis oil,aceite de onagra,I0372
ascorbyl palmitate,palmitato de ascorbilo,I0373
c15-19 alkane c10-18 triglycerides,triglicéridos de alcano C15-19 C10-18,I0374
helianthus annuus (sunflower seed wax,cera de semilla de Helianthus annuus,I0333
corn starch modified,almidón de maíz modificado,I0375
cocos nucifer a (coçonut) oil,aceite de coco,I0376
maltooligosyl glucoside,glucósido de maltooligosilo,I0377
glycery,glicerol,I0378
myristyl myristate,miristato de miristilo,I0379
c18-38 alkyl hydroxystearoyl stearate,estearato de hidroxiestearoil alquilo C18-38,I0380
filtros uva - uvb,INVÁLIDO,I0052
mela technology,INVÁLIDO,I0052
extracto de epilobio,extracto de epilobio,I0381
glicocola,glicocola,I0382
agentes hidratantes,INVÁLIDO,I0052
agentes lipídicos,INVÁLIDO,I0052
phe-resorcinol,resorcinol,I0083
niacimanida,niacinamida,I0383
de ingredientes de origen natural,INVÁLIDO,I0052
refuerzo de procolágeno,INVÁLIDO,I0052
patente de protección de los telómeros,INVÁLIDO,I0052
barrera de luz azul,INVÁLIDO,I0052
péptido de procolágeno,péptido de procolágeno,I0384
e,INVÁLIDO,I0052
perlas de origen natural,INVÁLIDO,I0052
complejo vegetal reponedor de lípidos,INVÁLIDO,I0052
complejo de filtros uva-uvb,INVÁLIDO,I0052
patente bariésun,INVÁLIDO,I0052
potenciador del procolágeno,INVÁLIDO,I0052
extracto de granada,extracto de granada,I0385
complejo vegetal regenerador de lípidos,INVÁLIDO,I0052
doble refuerzo de colágeno microesferas & péptido procolágeno,colágeno,I0386
blue light barrier,INVÁLIDO,I0052
arcilla,arcilla,I0387
ci 77891 (titanium dioxide),dióxido de titanio,I0090
titanium dioxide,dióxido de titanio,I0090
ácido salicílico,ácido salicílico,I0217
3 ácidos queratolíticos (ácido salicílico,ácido salicílico,I0217
acido salicilico,ácido salicílico,I0217
eficacia anti imperfecciones (ácido salicílico,ácido salicílico,I0217
de activos exfoliantes (salicílico,ácido salicílico,I0217
ácido salicílico que exfolia la piel permitiendo que se absorba la vitamina c con mas eficiencia,ácido salicílico,I0217
ácido salicílico 1,ácido salicílico,I0217
ácido glicólico,ácido glicólico,I0079
glicólico),ácido glicólico,I0079
acido glicolico,ácido glicólico,I0079
ácido glicólico .,ácido glicólico,I0079
acidos glicólicos,ácido glicólico,I0079
el ácido glicólico es un ingrediente activo perteneciente a la familia de ácidos alfa hidróxidos,ácido glicólico,I0079
acido hialuronico,ácido hialurónico,I0388
ácido hialurónico,ácido hialurónico,I0388
ácido hialurónico fragmentado,ácido hialurónico,I0388
ácido hialuronico,ácido hialurónico,I0388
ácido hialurónicovitamina b5 (pantenol)3 ceramidas esencialestecnología mve* ​hipoalergénico,ácido hialurónico,I0388
complejo ácido hialurónico & silicio,ácido hialurónico,I0388
aqua/water/eaubutylene glycolglycerinpropanediolacetyl glucosaminepentylene glycolsalicylic acidxanthan gumpolysorbate 20sodium citratehydrolyzed hyaluronic acidmannitolsodium hydroxidepropyl gallatesodium metabisulfitefragrance (parfum)aminoethanesulfinic acid,ácido hialurónico,I0388
ácido hialurínico puro,ácido hialurónico,I0388
contiene ácido hialuronico que hidrata la piel,ácido hialurónico,I0388
hyaluron,ácido hialurónico,I0388
tecnología mveceramidasácido hialuróniconiacinamida,ácido hialurónico,I0388
sistema ultrahidratante duradero con ácido hialurónico reticulado,ácido hialurónico,I0388
dúo de ácidos hialuronicos,ácido hialurónico,I0388
1. de ácido hialurónico puro,ácido hialurónico,I0388
niacinamida () reduce la inflamación,niacinamida,I0383
niacinamide,niacinamida,I0383
niacinamida,niacinamida,I0383
niacinamida (mejora la barrera de la piel,niacinamida,I0383
que ayuda a proteger contra la aparición de marcas rosas/marrones.niacinamida,niacinamida,I0383
niacinamida al,niacinamida,I0383
el nuevo activo para combatir la hiperpigmentación  de niacinamida,niacinamida,I0383
activos dermocosméticos antimanchas ( niacinamida,niacinamida,I0383
tecnología mveceramidasácido hialuróniconiacinamida,niacinamida,I0383
el nuevo activo para combatir la hiperpigmentaciónniacinamida,niacinamida,I0383
dimethicone,dimeticona,I0389
dimethicone/vinyl dimethicone crosspolymer,dimeticona,I0389
peg-10 dimethicone,dimeticona,I0389
aqua glicerina pantenol c15-19 alkane cetyl palmitate caprylic-capric-triglyceride cetyl alcohol hydrogenated coco-glycerides polybutene glyceryl stearate se citric acid sodium citrate tocopheryl acetate sorbitan stearate sodium cetearyl sulfate stearyl alcohol dimethicone carbomer sodium hydroxide tapioca starch trisodium edta pentylene glycol caprylyl glycol phenoxyethanol benzyl alcohol bht parfum,dimeticona,I0389
dimethicone/methicone copolymer,dimeticona,I0389
dimethicone crosspolymer,dimeticona,I0389
isobutylamido thiazolyl resorcinol aqua alcohol denat butylene glycol glicerina octocrylene isopropyl palmitate cetearyl isononanoate distarch phosphate methylpropanediol sodium ascorbyl phosphate sodium hyaluronate glycyrrhiza inflata root extract tocopherol glucosylrutin sodium stearoyl glutamate glyceryl stearate sodium polyacrylate dimethicone isoquercitrin citric acid sodium chloride trisodium edta caprylyl glycol phenoxyethanol parfum,dimeticona,I0389
isobutylamido thiazolyl resorcinol acrylates-c10-30-alkyl-acrylate-crosspolymer alcohol denat aluminum starch octenylsuccinate aqua bht butylene glycol dicaprylate-dicaprate butylphenyl methylpropional carbomer cetearyl behenate cetyl alcohol dimethicone ethylhexyl methoxycinnamate ethylhexyl triazone ethylhexylglycerin ethylparaben glycerin glyceryl stearate se isopropyl palmitate methylparaben octadecenedioic acid peg-40 castor oil phenoxyethanol phenylbenzimidazole sulfonic acid propylparaben sodium cetearyl sulfate sodium hydroxide tocopheryl acetate trisodium edta,dimeticona,I0389
citric acid,ácido cítrico,I0390
ácido cítrico,ácido cítrico,I0390
aqua glicerina pantenol c15-19 alkane cetyl palmitate caprylic-capric-triglyceride cetyl alcohol hydrogenated coco-glycerides polybutene glyceryl stearate se citric acid sodium citrate tocopheryl acetate sorbitan stearate sodium cetearyl sulfate stearyl alcohol dimethicone carbomer sodium hydroxide tapioca starch trisodium edta pentylene glycol caprylyl glycol phenoxyethanol benzyl alcohol bht parfum,ácido cítrico,I0390
isobutylamido thiazolyl resorcinol aqua alcohol denat butylene glycol glicerina octocrylene isopropyl palmitate cetearyl isononanoate distarch phosphate methylpropanediol sodium ascorbyl phosphate sodium hyaluronate glycyrrhiza inflata root extract tocopherol glucosylrutin sodium stearoyl glutamate glyceryl stearate sodium polyacrylate dimethicone isoquercitrin citric acid sodium chloride trisodium edta caprylyl glycol phenoxyethanol parfum,ácido cítrico,I0390
caprylyl glycol a· citric acid · diethylamino hydroxybenzoyl hexyl benzoate,ácido cítrico,I0390
vitamina e,tocoferol,I0391
tocopherol,tocoferol,I0391
tocoferoles),tocoferol,I0391
isobutylamido thiazolyl resorcinol aqua alcohol denat butylene glycol glicerina octocrylene isopropyl palmitate cetearyl isononanoate distarch phosphate methylpropanediol sodium ascorbyl phosphate sodium hyaluronate glycyrrhiza inflata root extract tocopherol glucosylrutin sodium stearoyl glutamate glyceryl stearate sodium polyacrylate dimethicone isoquercitrin citric acid sodium chloride trisodium edta caprylyl glycol phenoxyethanol parfum,tocoferol,I0391
isobutylamido thiazolyl resorcinol aqua glycerin isopropyl palmitate alcohol denat cetearyl isononanoate squalane panthenol glyceryl stearate citrate cetearyl alcohol hydrogenated coco-glycerides butyrospermum parkii butter methylpropanediol lauroyl lysine glycyrrhiza inflata root extract tocopherol glucosylrutin carbomer chondrus crispus extract sodium hydroxide isoquercitrin trisodium edta phenoxyethanol parfum,tocoferol,I0391
butylene glycol,butilenglicol,I0392
aqua/water/eaubutylene glycolglycerinpropanediolacetyl glucosaminepentylene glycolsalicylic acidxanthan gumpolysorbate 20sodium citratehydrolyzed hyaluronic acidmannitolsodium hydroxidepropyl gallatesodium metabisulfitefragrance (parfum)aminoethanesulfinic acid,butilenglicol,I0392
isobutylamido thiazolyl resorcinol aqua alcohol denat butylene glycol glicerina octocrylene isopropyl palmitate cetearyl isononanoate distarch phosphate methylpropanediol sodium ascorbyl phosphate sodium hyaluronate glycyrrhiza inflata root extract tocopherol glucosylrutin sodium stearoyl glutamate glyceryl stearate sodium polyacrylate dimethicone isoquercitrin citric acid sodium chloride trisodium edta caprylyl glycol phenoxyethanol parfum,butilenglicol,I0392
isobutylamido thiazolyl resorcinol acrylates-c10-30-alkyl-acrylate-crosspolymer alcohol denat aluminum starch octenylsuccinate aqua bht butylene glycol dicaprylate-dicaprate butylphenyl methylpropional carbomer cetearyl behenate cetyl alcohol dimethicone ethylhexyl methoxycinnamate ethylhexyl triazone ethylhexylglycerin ethylparaben glycerin glyceryl stearate se isopropyl palmitate methylparaben octadecenedioic acid peg-40 castor oil phenoxyethanol phenylbenzimidazole sulfonic acid propylparaben sodium cetearyl sulfate sodium hydroxide tocopheryl acetate trisodium edta,butilenglicol,I0392
butylene glycol dicaprylatedicaprate,butilenglicol,I0392
butylene glycol dicaprylate-dicaprate,butilenglicol,I0392
butylene glycol dicaprylate/dicaprate,butilenglicol,I0392
ceramida np,ceramida,I0393
ceramida ap,ceramida,I0393
ceramida eop,ceramida,I0393
3 ceramidas esenciales,ceramida,I0393
ácido hialurónicovitamina b5 (pantenol)3 ceramidas esencialestecnología mve* ​hipoalergénico,ceramida,I0393
ceramidas,ceramida,I0393
ceramida 1,ceramida,I0393
ceramide ap,ceramida,I0393
ceramide as,ceramida,I0393
ceramide np,ceramida,I0393
ceramide eop,ceramida,I0393
ceramide ns,ceramida,I0393
tecnología mveceramidasácido hialuróniconiacinamida,ceramida,I0393
ceramidas 1,ceramida,I0393
parfum (fragrance),fragancia,I0394
parfum,fragancia,I0394
aqua glicerina pantenol c15-19 alkane cetyl palmitate caprylic-capric-triglyceride cetyl alcohol hydrogenated coco-glycerides polybutene glyceryl stearate se citric acid sodium citrate tocopheryl acetate sorbitan stearate sodium cetearyl sulfate stearyl alcohol dimethicone carbomer sodium hydroxide tapioca starch trisodium edta pentylene glycol caprylyl glycol phenoxyethanol benzyl alcohol bht parfum,fragancia,I0394
aqua/water/eaubutylene glycolglycerinpropanediolacetyl glucosaminepentylene glycolsalicylic acidxanthan gumpolysorbate 20sodium citratehydrolyzed hyaluronic acidmannitolsodium hydroxidepropyl gallatesodium metabisulfitefragrance (parfum)aminoethanesulfinic acid,fragancia,I0394
fragrance (parfum),fragancia,I0394
fragrance,fragancia,I0394
isobutylamido thiazolyl resorcinol aqua alcohol denat butylene glycol glicerina octocrylene isopropyl palmitate cetearyl isononanoate distarch phosphate methylpropanediol sodium ascorbyl phosphate sodium hyaluronate glycyrrhiza inflata root extract tocopherol glucosylrutin sodium stearoyl glutamate glyceryl stearate sodium polyacrylate dimethicone isoquercitrin citric acid sodium chloride trisodium edta caprylyl glycol phenoxyethanol parfum,fragancia,I0394
isobutylamido thiazolyl resorcinol aqua glycerin isopropyl palmitate alcohol denat cetearyl isononanoate squalane panthenol glyceryl stearate citrate cetearyl alcohol hydrogenated coco-glycerides butyrospermum parkii butter methylpropanediol lauroyl lysine glycyrrhiza inflata root extract tocopherol glucosylrutin carbomer chondrus crispus extract sodium hydroxide isoquercitrin trisodium edta phenoxyethanol parfum,fragancia,I0394
parfum/ fragrance.(code fll .,fragancia,I0394
aquaspongines sin perfume,espongina,I0395
aquaspongina,espongina,I0395
agua termal de uriage complejo  mineral contra las radiaciones uva-uvb aquaspongines vitamina c estabilizada,espongina,I0395
zinc gluconate,gluconato de zinc,I0396
gluconato de zinc para limitar la proliferación bacteriana,gluconato de zinc,I0396
gluconato de zinc,gluconato de zinc,I0396
azelaic acid,ácido azelaico,I0397
ácido azelaico,ácido azelaico,I0397
retinol puro,retinol,I0398
retinol,retinol,I0398
pro-retinol encapsulado,retinol,I0398
palmitato de retinol,retinol,I0398
parabenos​,parabenos,I0399
methylparaben,parabenos,I0399
ethylparaben,parabenos,I0399
propylparaben,parabenos,I0399
butylparaben,parabenos,I0399
isobutylamido thiazolyl resorcinol acrylates-c10-30-alkyl-acrylate-crosspolymer alcohol denat aluminum starch octenylsuccinate aqua bht butylene glycol dicaprylate-dicaprate butylphenyl methylpropional carbomer cetearyl behenate cetyl alcohol dimethicone ethylhexyl methoxycinnamate ethylhexyl triazone ethylhexylglycerin ethylparaben glycerin glyceryl stearate se isopropyl palmitate methylparaben octadecenedioic acid peg-40 castor oil phenoxyethanol phenylbenzimidazole sulfonic acid propylparaben sodium cetearyl sulfate sodium hydroxide tocopheryl acetate trisodium edta,parabenos,I0399
dicaprylyl ether,éter de dicaprililo,I0400
diisopropyl adipate .dicaprylyl ether,éter de dicaprililo,I0400
aqua posae filiformis,agua,I0401
agua termal (),agua,I0401
aqua (water),agua,I0401
agua,agua,I0401
agua termal para una acción calmante,agua,I0401
aqua/water/eau,agua,I0401
aqua,agua,I0401
agua termal de vichy,agua,I0401
agua termal,agua,I0401
refuerza la barrera de protección de la piel.agua termal,agua,I0401
water (aqua),agua,I0401
composición detalladaavene thermal spring water (avene aqua),agua,I0401
aqua glicerina pantenol c15-19 alkane cetyl palmitate caprylic-capric-triglyceride cetyl alcohol hydrogenated coco-glycerides polybutene glyceryl stearate se citric acid sodium citrate tocopheryl acetate sorbitan stearate sodium cetearyl sulfate stearyl alcohol dimethicone carbomer sodium hydroxide tapioca starch trisodium edta pentylene glycol caprylyl glycol phenoxyethanol benzyl alcohol bht parfum,agua,I0401
water,agua,I0401
agua termal la roche posay),agua,I0401
aqua/water/eaubutylene glycolglycerinpropanediolacetyl glucosaminepentylene glycolsalicylic acidxanthan gumpolysorbate 20sodium citratehydrolyzed hyaluronic acidmannitolsodium hydroxidepropyl gallatesodium metabisulfitefragrance (parfum)aminoethanesulfinic acid,agua,I0401
agua volcánica de vichy,agua,I0401
isobutylamido thiazolyl resorcinol aqua alcohol denat butylene glycol glicerina octocrylene isopropyl palmitate cetearyl isononanoate distarch phosphate methylpropanediol sodium ascorbyl phosphate sodium hyaluronate glycyrrhiza inflata root extract tocopherol glucosylrutin sodium stearoyl glutamate glyceryl stearate sodium polyacrylate dimethicone isoquercitrin citric acid sodium chloride trisodium edta caprylyl glycol phenoxyethanol parfum,agua,I0401
agua volcánica de vichy2,agua,I0401
agua mineralizante de vichy,agua,I0401
agua termal de la roche-posay,agua,I0401
hacen que el agua termal de la roche posay sea reconocida por sus propiedades calmantes,agua,I0401
agua termal de uriage,agua,I0401
aquaspongines sin perfume,agua,I0401
agua termal lrp,agua,I0401
eau,agua,I0401
isobutylamido thiazolyl resorcinol acrylates-c10-30-alkyl-acrylate-crosspolymer alcohol denat aluminum starch octenylsuccinate aqua bht butylene glycol dicaprylate-dicaprate butylphenyl methylpropional carbomer cetearyl behenate cetyl alcohol dimethicone ethylhexyl methoxycinnamate ethylhexyl triazone ethylhexylglycerin ethylparaben glycerin glyceryl stearate se isopropyl palmitate methylparaben octadecenedioic acid peg-40 castor oil phenoxyethanol phenylbenzimidazole sulfonic acid propylparaben sodium cetearyl sulfate sodium hydroxide tocopheryl acetate trisodium edta,agua,I0401
agua micelar,agua,I0401
isobutylamido thiazolyl resorcinol aqua glycerin isopropyl palmitate alcohol denat cetearyl isononanoate squalane panthenol glyceryl stearate citrate cetearyl alcohol hydrogenated coco-glycerides butyrospermum parkii butter methylpropanediol lauroyl lysine glycyrrhiza inflata root extract tocopherol glucosylrutin carbomer chondrus crispus extract sodium hydroxide isoquercitrin trisodium edta phenoxyethanol parfum,agua,I0401
agua/water/eau,agua,I0401
agua termal mineralizante de vichy,agua,I0401
aquaspongina,agua,I0401
agua termal de uriage complejo  mineral contra las radiaciones uva-uvb aquaspongines vitamina c estabilizada,agua,I0401
agua termal (),agua termal,I0402
agua termal para una acción calmante,agua termal,I0402
agua termal de vichy,agua termal,I0402
agua termal,agua termal,I0402
refuerza la barrera de protección de la piel.agua termal,agua termal,I0402
composición detalladaavene thermal spring water (avene aqua),agua termal,I0402
agua termal la roche posay),agua termal,I0402
agua termal de la roche-posay,agua termal,I0402
hacen que el agua termal de la roche posay sea reconocida por sus propiedades calmantes,agua termal,I0402
agua termal de uriage,agua termal,I0402
agua termal lrp,agua termal,I0402
agua termal mineralizante de vichy,agua termal,I0402
agua termal de uriage complejo  mineral contra las radiaciones uva-uvb aquaspongines vitamina c estabilizada,agua termal,I0402
vitamina c-tech,vitamina c,I0403
de vitamina cg,vitamina c,I0403
vitamina c,vitamina c,I0403
vitamina cg,vitamina c,I0403
concentración de vitamina c pura,vitamina c,I0403
ácido salicílico que exfolia la piel permitiendo que se absorba la vitamina c con mas eficiencia,vitamina c,I0403
vitamina c pura,vitamina c,I0403
complejo vitamina c,vitamina c,I0403
vitaminas c,vitamina c,I0403
agua termal de uriage complejo  mineral contra las radiaciones uva-uvb aquaspongines vitamina c estabilizada,vitamina c,I0403
provitamina b5,vitamina b5,I0404
ácido hialurónicovitamina b5 (pantenol)3 ceramidas esencialestecnología mve* ​hipoalergénico,vitamina b5,I0404
vitamina b5,vitamina b5,I0404
vitamina b3,vitamina b3,I0405
complejo skink protect complex (vitamina pp,vitamina b3,I0405
vitamina b3 & e,vitamina b3,I0405
una forma de la vitamina b3,vitamina b3,I0405
vitamina f,vitamina f,I0406
lactic acid,ácido láctico,I0407
láctico,ácido láctico,I0407
manteca de karité,manteca de karité,I0095
la contaminación.manteca de karité,manteca de karité,I0095
la manteca de karité es reconocida por su capacidad para restaurar la película hidrolipídica de la piel con lípidos similares a los de la piel,manteca de karité,I0095
glicerina,glicerina,I0408
glycerin,glicerina,I0408
aqua glicerina pantenol c15-19 alkane cetyl palmitate caprylic-capric-triglyceride cetyl alcohol hydrogenated coco-glycerides polybutene glyceryl stearate se citric acid sodium citrate tocopheryl acetate sorbitan stearate sodium cetearyl sulfate stearyl alcohol dimethicone carbomer sodium hydroxide tapioca starch trisodium edta pentylene glycol caprylyl glycol phenoxyethanol benzyl alcohol bht parfum,glicerina,I0408
aqua/water/eaubutylene glycolglycerinpropanediolacetyl glucosaminepentylene glycolsalicylic acidxanthan gumpolysorbate 20sodium citratehydrolyzed hyaluronic acidmannitolsodium hydroxidepropyl gallatesodium metabisulfitefragrance (parfum)aminoethanesulfinic acid,glicerina,I0408
ethylhexylglycerin,glicerina,I0408
isobutylamido thiazolyl resorcinol aqua alcohol denat butylene glycol glicerina octocrylene isopropyl palmitate cetearyl isononanoate distarch phosphate methylpropanediol sodium ascorbyl phosphate sodium hyaluronate glycyrrhiza inflata root extract tocopherol glucosylrutin sodium stearoyl glutamate glyceryl stearate sodium polyacrylate dimethicone isoquercitrin citric acid sodium chloride trisodium edta caprylyl glycol phenoxyethanol parfum,glicerina,I0408
isobutylamido thiazolyl resorcinol acrylates-c10-30-alkyl-acrylate-crosspolymer alcohol denat aluminum starch octenylsuccinate aqua bht butylene glycol dicaprylate-dicaprate butylphenyl methylpropional carbomer cetearyl behenate cetyl alcohol dimethicone ethylhexyl methoxycinnamate ethylhexyl triazone ethylhexylglycerin ethylparaben glycerin glyceryl stearate se isopropyl palmitate methylparaben octadecenedioic acid peg-40 castor oil phenoxyethanol phenylbenzimidazole sulfonic acid propylparaben sodium cetearyl sulfate sodium hydroxide tocopheryl acetate trisodium edta,glicerina,I0408
polyglycerin-3,glicerina,I0408
isobutylamido thiazolyl resorcinol aqua glycerin isopropyl palmitate alcohol denat cetearyl isononanoate squalane panthenol glyceryl stearate citrate cetearyl alcohol hydrogenated coco-glycerides butyrospermum parkii butter methylpropanediol lauroyl lysine glycyrrhiza inflata root extract tocopherol glucosylrutin carbomer chondrus crispus extract sodium hydroxide isoquercitrin trisodium edta phenoxyethanol parfum,glicerina,I0408
xanthan gum,goma xantana,I0409
goma xantana,goma xantana,I0409
dehydroxanthan gum,goma xantana,I0409
aqua/water/eaubutylene glycolglycerinpropanediolacetyl glucosaminepentylene glycolsalicylic acidxanthan gumpolysorbate 20sodium citratehydrolyzed hyaluronic acidmannitolsodium hydroxidepropyl gallatesodium metabisulfitefragrance (parfum)aminoethanesulfinic acid,goma xantana,I0409
vitamina c-tech,ácido ascórbico,I0029
de vitamina cg,ácido ascórbico,I0029
vitamina c,ácido ascórbico,I0029
vitamina cg,ácido ascórbico,I0029
concentración de vitamina c pura,ácido ascórbico,I0029
ácido salicílico que exfolia la piel permitiendo que se absorba la vitamina c con mas eficiencia,ácido ascórbico,I0029
vitamina c pura,ácido ascórbico,I0029
complejo vitamina c,ácido ascórbico,I0029
vitaminas c,ácido ascórbico,I0029
agua termal de uriage complejo  mineral contra las radiaciones uva-uvb aquaspongines vitamina c estabilizada,ácido ascórbico,I0029
ethylhexylglycerin,ethylhexylglycerin,I0410
isobutylamido thiazolyl resorcinol acrylates-c10-30-alkyl-acrylate-crosspolymer alcohol denat aluminum starch octenylsuccinate aqua bht butylene glycol dicaprylate-dicaprate butylphenyl methylpropional carbomer cetearyl behenate cetyl alcohol dimethicone ethylhexyl methoxycinnamate ethylhexyl triazone ethylhexylglycerin ethylparaben glycerin glyceryl stearate se isopropyl palmitate methylparaben octadecenedioic acid peg-40 castor oil phenoxyethanol phenylbenzimidazole sulfonic acid propylparaben sodium cetearyl sulfate sodium hydroxide tocopheryl acetate trisodium edta,ethylhexylglycerin,I0410
restaurando el microbioma cutáneo,INVÁLIDO,I0052
calmante,INVÁLIDO,I0052
1,INVÁLIDO,I0052
refuerza la delicada piel de los niños - protección muy alta,INVÁLIDO,I0052
optimizada para los rayos uva largos,INVÁLIDO,I0052
reduce las irritaciones cutáneas),INVÁLIDO,I0052
9,INVÁLIDO,I0052
reduce el crecimiento de la bacteria c.acnes ia1,INVÁLIDO,I0052
calmando,INVÁLIDO,I0052
corrigiendo las imperfecciones,INVÁLIDO,I0052
gracias a la ciencia del microbioma se ha demostrado clínicamente que reduce el biofilm,INVÁLIDO,I0052
la inflamación,INVÁLIDO,I0052
exclusiva,INVÁLIDO,I0052
patentada,INVÁLIDO,I0052
la pigmentación,INVÁLIDO,I0052
se funde de inmediato,INVÁLIDO,I0052
sudor,INVÁLIDO,I0052
humedad),INVÁLIDO,I0052
eficaz contra los radicales libres que pueden generar los rayos uva-uvb,INVÁLIDO,I0052
,INVÁLIDO,I0052
reduce irritaciones de la piel,INVÁLIDO,I0052
0,INVÁLIDO,I0052
3,INVÁLIDO,I0052
7,INVÁLIDO,I0052
innovación en hiperpigmentación,INVÁLIDO,I0052
molécula multi-patentada,INVÁLIDO,I0052
se utiliza a menudo en dermocosmética,INVÁLIDO,I0052
se la conoce por su capacidad para calmar la piel,INVÁLIDO,I0052
reforzar la barrera cutánea,INVÁLIDO,I0052
piel muerta,INVÁLIDO,I0052
purifica de esta manera la piel,INVÁLIDO,I0052
anti irritante,INVÁLIDO,I0052
combinación única de minerales,INVÁLIDO,I0052
restaura la barrera lipídica de la piel,INVÁLIDO,I0052
no pegajoso,INVÁLIDO,I0052
antiarrugas,INVÁLIDO,I0052
epigenetica,INVÁLIDO,I0052
crema,INVÁLIDO,I0052
rellenadora,INVÁLIDO,I0052
arrugas,INVÁLIDO,I0052
crema antiedad,INVÁLIDO,I0052
envejecimiento,INVÁLIDO,I0052
crema facial,INVÁLIDO,I0052
rutina de día,INVÁLIDO,I0052
cuidado facial,INVÁLIDO,I0052
eucerin,INVÁLIDO,I0052
cada 100 g de crema contiene,INVÁLIDO,I0052
oxido de hierro para reforzar la protección frente a uva,INVÁLIDO,I0052
base limpiadora sin jabón,INVÁLIDO,I0052
mejor conocidos como ahs,INVÁLIDO,I0052
es apto para todo tipo de piel,INVÁLIDO,I0052
adipato de dibutilo,adipato de dibutilo,I0004
laurato de isoamilo,laurato de isoamilo,I0005
meticona peg/ppg-18/18 de laurilo,meticona peg/ppg-18/18 de laurilo,I0006
propanodiol,propanodiol,I0007
alcohol denaturado,alcohol denaturado,I0008
2-hexanodiol,2-hexanodiol,I0010
pentilenglicol,pentilenglicol,I0011
triglicérido caprílico/cáprico,triglicérido caprílico/cáprico,I0012
etilcelulosa,etilcelulosa,I0013
hidroxiacetofenona,hidroxiacetofenona,I0014
hidroxihidrocinamato de pentaeritritilo tetra-di-t-butilo,hidroxihidrocinamato de pentaeritritilo tetra-di-t-butilo,I0015
4-t-butilciclohexanol,4-t-butilciclohexanol,I0016
capriloil glicol,capriloil glicol,I0017
copolímero de acrilato de sodio-2,copolímero de acrilato de sodio-2,I0018
copolímero de poliacrilato-6,copolímero de poliacrilato-6,I0019
extracto de semilla de vigna aconitifolia,extracto de semilla de vigna aconitifolia,I0020
acetato de tocoferilo,acetato de tocoferilo,I0021
maltodextrina,maltodextrina,I0022
melatonina,melatonina,I0023
retinaldehído,retinaldehído,I0024
edta disódico,edta disódico,I0026
fosfolípidos,fosfolípidos,I0027
fluorfelogopita sintética,fluorfelogopita sintética,I0028
ácido ascórbico,ácido ascórbico,I0029
alcohol t-butilo,alcohol t-butilo,I0030
extracto de hoja de romero,extracto de hoja de romero,I0031
tetrapéptido-7 palmitoil,tetrapéptido-7 palmitoil,I0032
óxido de estaño,óxido de estaño,I0033
crisina,crisina,I0034
almidón de maíz,almidón de maíz,I0038
citrato de trietilo,citrato de trietilo,I0042
disuccinato de etilendiamina trisódico,disuccinato de etilendiamina trisódico,I0048
alquil glucósido c12-20,alquil glucósido c12-20,I0051
INVÁLIDO,INVÁLIDO,I0052
glicacil,glicacil,I0054
ácido lipohidroxi,ácido lipohidroxi,I0055
caprilato de propilheptilo,caprilato de propilheptilo,I0056
citrato de estearato de glicerilo,citrato de estearato de glicerilo,I0057
palmitato de glicerilo,palmitato de glicerilo,I0058
escualano,escualano,I0059
estearato de sacarosa,estearato de sacarosa,I0060
manteca de semilla de mango,manteca de semilla de mango,I0061
copolímero de acrilatos/c10-30 alquil acrilato,copolímero de acrilatos/c10-30 alquil acrilato,I0062
carnosina,carnosina,I0063
copolímero de acrilato de hidroxietilo/taurato de sodio,copolímero de acrilato de hidroxietilo/taurato de sodio,I0064
manitol,manitol,I0065
xilitol,xilitol,I0066
extracto de flor/hoja/raíz de salvia miltiorrhiza,extracto de flor/hoja/raíz de salvia miltiorrhiza,I0067
ramnosa,ramnosa,I0068
aceite de soja,aceite de soja,I0069
polisorbato 60,polisorbato 60,I0070
isostearato de sorbitán,isostearato de sorbitán,I0071
tetrapéptido-10 palmitoil,tetrapéptido-10 palmitoil,I0072
triterpenos de centella asiática,triterpenos de centella asiática,I0074
manteca de shorea,manteca de shorea,I0075
coco-glucósido,coco-glucósido,I0076
laureth sulfato de sodio,laureth sulfato de sodio,I0077
gluconolactona,gluconolactona,I0080
sphingobioma,sphingobioma,I0081
cellox b3,cellox b3,I0082
resorcinol,resorcinol,I0083
resorcinol amido tiazólico isobutilo,resorcinol amido tiazólico isobutilo,I0084
estearato de glicerilo,estearato de glicerilo,I0085
extracto de raíz de glycyrrhiza inflata,extracto de raíz de glycyrrhiza inflata,I0086
cocoglicéridos,cocoglicéridos,I0087
alcohol ceteárico,alcohol ceteárico,I0088
palmitato de cetilo,palmitato de cetilo,I0089
dióxido de titanio,dióxido de titanio,I0090
óxido de hierro amarillo,óxido de hierro amarillo,I0091
óxido de hierro rojo,óxido de hierro rojo,I0092
óxido de hierro negro,óxido de hierro negro,I0093
palmitato de isopropilo,palmitato de isopropilo,I0094
lisina lauroil,lisina lauroil,I0096
estearoil glutamato de sodio,estearoil glutamato de sodio,I0097
cloruro de sodio,cloruro de sodio,I0098
extracto de fruto de pimpinella anisum,extracto de fruto de pimpinella anisum,I0099
edta trisódico,edta trisódico,I0100
fosfato de distarch,fosfato de distarch,I0101
metilpropanodiol,metilpropanodiol,I0102
estearato de peg-40,estearato de peg-40,I0103
estearato de sorbitán,estearato de sorbitán,I0104
sulfato de ceteárico de sodio,sulfato de ceteárico de sodio,I0105
copolímero de ácido acrílico-vp,copolímero de ácido acrílico-vp,I0106
12-hexanodiol,12-hexanodiol,I0107
tribioma,tribioma,I0110
palmitato de retinilo,palmitato de retinilo,I0111
filobioma,filobioma,I0113
procerad,procerad,I0114
control de sebo,control de sebo,I0116
antioxidantes,antioxidantes,I0118
filtros uvb,filtros uvb,I0119
pigmentos para bb cream,pigmentos para bb cream,I0120
salicilato de etilhexilo,salicilato de etilhexilo,I0123
triazona de etilhexilo,triazona de etilhexilo,I0124
bemotrizinol,bemotrizinol,I0125
avobenzona,avobenzona,I0126
ácido fenilbenzimidazol sulfónico,ácido fenilbenzimidazol sulfónico,I0127
sebato de diisopropilo,sebato de diisopropilo,I0128
arginina,arginina,I0129
copolímero vp/eicoseno,copolímero vp/eicoseno,I0130
sílice hidratada,sílice hidratada,I0131
diacetato de glutamato tetrasódico,diacetato de glutamato tetrasódico,I0132
goma de esclerotio,goma de esclerotio,I0133
extracto de porphyridium cruentum,extracto de porphyridium cruentum,I0134
cocoamfoacetato de sodio,cocoamfoacetato de sodio,I0135
coco-betaína,coco-betaína,I0136
glucósido de glicerilo,glucósido de glicerilo,I0137
benzoato de sodio,benzoato de sodio,I0138
gliceret-26,gliceret-26,I0139
fosfato disódico,fosfato disódico,I0140
polisorbato 80,polisorbato 80,I0142
óxido de pirrolidindiaminopirimidina,óxido de pirrolidindiaminopirimidina,I0143
tripeptido-1 de cobre,tripeptido-1 de cobre,I0144
mentol,mentol,I0145
pentapéptido-17 miristoilo,pentapéptido-17 miristoilo,I0146
lecitina,lecitina,I0147
ácido lisofosfatídico,ácido lisofosfatídico,I0148
lisolecitina,lisolecitina,I0149
linalol,linalol,I0150
hexil cinamal,hexil cinamal,I0151
citronelol,citronelol,I0152
cinamato de bencilo,cinamato de bencilo,I0154
glucósido de coco,glucósido de coco,I0159
trietanolamina,trietanolamina,I0163
ésteres peg-20 de tribehenina,ésteres peg-20 de tribehenina,I0164
meticona peg/ppg-19/18 de laurilo,meticona peg/ppg-19/18 de laurilo,I0165
metoxicinamato de etilhexilo,metoxicinamato de etilhexilo,I0166
octocrileno,octocrileno,I0167
copolímero de meticona,copolímero de meticona,I0168
hidróxido de aluminio,hidróxido de aluminio,I0169
benzoato de alquilo c12-15,benzoato de alquilo c12-15,I0170
hexametildisiloxano,hexametildisiloxano,I0171
ciclopentasiloxano,ciclopentasiloxano,I0172
ciclohexasiloxano,ciclohexasiloxano,I0173
copolímero de acrilatos,copolímero de acrilatos,I0175
almidón de tapioca,almidón de tapioca,I0176
carbonato de dicaprililo,carbonato de dicaprililo,I0178
aceite de ricino hidrogenado,aceite de ricino hidrogenado,I0179
cera de salvado de arroz,cera de salvado de arroz,I0180
cera de candelilla,cera de candelilla,I0181
hexil benzoato de diethylamino hidroxybenzoyl,hexil benzoato de diethylamino hidroxybenzoyl,I0182
esteroles de brassica campestris,esteroles de brassica campestris,I0183
extracto de semilla de girasol,extracto de semilla de girasol,I0185
extracto de phaeodactylum tricornutum,extracto de phaeodactylum tricornutum,I0186
cera microcristalina,cera microcristalina,I0195
ceresina,ceresina,I0196
alcohol de lanolina,alcohol de lanolina,I0197
isononanoato de cetearyl,isononanoato de cetearyl,I0199
pantolactona,pantolactona,I0200
goma de gellan,goma de gellan,I0201
carragenina,carragenina,I0202
alcohol cetílico,alcohol cetílico,I0203
alcohol behenílico,alcohol behenílico,I0204
isohexadecano,isohexadecano,I0205
undecano,undecano,I0206
tridecano,tridecano,I0207
camfóro 4-metilbenzilideno,camfóro 4-metilbenzilideno,I0208
fenilpropanol,fenilpropanol,I0209
aspartato de magnesio,aspartato de magnesio,I0210
gluconato de cobre,gluconato de cobre,I0211
alfa-isometilionona,alfa-isometilionona,I0212
azul ci 42090,azul ci 42090,I0213
verde 6 (ci 61565),verde 6 (ci 61565),I0214
violeta 2 (ci 60725),violeta 2 (ci 60725),I0215
di-c12-13 alquil malato,di-c12-13 alquil malato,I0216
taurato de sodio poliacrilodimetilo,taurato de sodio poliacrilodimetilo,I0218
alcohol aráquidico,alcohol aráquidico,I0219
glucósido aráquidico,glucósido aráquidico,I0220
citrato de sodio,citrato de sodio,I0221
extracto de chondrus crispus,extracto de chondrus crispus,I0222
galato de propilo,galato de propilo,I0223
metabisulfito de sodio,metabisulfito de sodio,I0224
lipohidroxiácido,lipohidroxiácido,I0227
copolímero de acrilatos/vinilo isodecanoato,copolímero de acrilatos/vinilo isodecanoato,I0230
fosfato de dicetilo,fosfato de dicetilo,I0231
fosfato de ceteth-10,fosfato de ceteth-10,I0232
ácido esteárico,ácido esteárico,I0233
propilenglicol,propilenglicol,I0234
clorfenesina,clorfenesina,I0235
aceite de semilla de argania spinosa,aceite de semilla de argania spinosa,I0236
lipopéptido Q10,lipopéptido Q10,I0237
triacetato de gliceret-7,triacetato de gliceret-7,I0238
cloruro de potasio,cloruro de potasio,I0240
diglicinato de azeloilo de potasio,diglicinato de azeloilo de potasio,I0241
extracto de brote de lepidium sativum,extracto de brote de lepidium sativum,I0242
genisteína,genisteína,I0243
dipropilenglicol,dipropilenglicol,I0244
decanona hidroximetoxifenil,decanona hidroximetoxifenil,I0245
fosfato de ascorbilo de sodio,fosfato de ascorbilo de sodio,I0246
alfa-arbutina,alfa-arbutina,I0247
polisorbato 20,polisorbato 20,I0248
acetilglucosamina,acetilglucosamina,I0249
goma de celulosa,goma de celulosa,I0250
alanina,alanina,I0251
ácido aspártico,ácido aspártico,I0252
glicina,glicina,I0253
histidina,histidina,I0254
isoleucina,isoleucina,I0255
PCA,PCA,I0256
fenilalanina,fenilalanina,I0257
prolina,prolina,I0258
serina,serina,I0259
lactato de sodio,lactato de sodio,I0260
PCA de sodio,PCA de sodio,I0261
treonina,treonina,I0262
valina,valina,I0263
butilfenolsulfonato benzotriazolil de sodio,butilfenolsulfonato benzotriazolil de sodio,I0264
extracto de raíz de jengibre,extracto de raíz de jengibre,I0265
coco-glicéridos hidrogenados,coco-glicéridos hidrogenados,I0266
benzoato de alquilo C12-15,benzoato de alquilo C12-15,I0267
fosfato de almidón hidroxipropílico,fosfato de almidón hidroxipropílico,I0269
alcohol estearílico,alcohol estearílico,I0270
extracto de fruto de arctium lappa,extracto de fruto de arctium lappa,I0271
creatina,creatina,I0272
1-metilhidantoína-2-imida,1-metilhidantoína-2-imida,I0273
ácido palmítico,ácido palmítico,I0274
ácido mirístico,ácido mirístico,I0275
ácido araquídico,ácido araquídico,I0276
ácido oleico,ácido oleico,I0277
polihidroxiácidos,polihidroxiácidos,I0280
bifidus,bifidus,I0281
lauril disódico,lauril disódico,I0283
sulfosuccinato,sulfosuccinato,I0284
cocoyl de sodio,cocoyl de sodio,I0285
isetionato,isetionato,I0286
cocoamidopropil betaína,cocoamidopropil betaína,I0287
octildodecanol,octildodecanol,I0288
neurosensina,neurosensina,I0289
selenio,selenio,I0291
óxido de zinc,óxido de zinc,I0293
polimetilsilsesquioxano,polimetilsilsesquioxano,I0294
silicato de calcio,silicato de calcio,I0295
trietoxicaprililsilano,trietoxicaprililsilano,I0296
dimetoxidimetilindanona benzilideno,dimetoxidimetilindanona benzilideno,I0297
óxido de hierro rojo (ci 77491),óxido de hierro rojo (ci 77491),I0298
óxido de hierro negro (ci 77499),óxido de hierro negro (ci 77499),I0299
glicol decileno,glicol decileno,I0300
glucosilrutina,glucosilrutina,I0301
isoquercitrina,isoquercitrina,I0302
copolímero de acrililo dimetiltaurato de amonio-VP,copolímero de acrililo dimetiltaurato de amonio-VP,I0303
butamidotriazona dietilhexílica,butamidotriazona dietilhexílica,I0304
estearato de poliglicerilo-6,estearato de poliglicerilo-6,I0305
copolímero de aceite de brassica campestris/aleurites fordii,copolímero de aceite de brassica campestris/aleurites fordii,I0306
alquilfosfato C20-22,alquilfosfato C20-22,I0307
alcoholes C20-22,alcoholes C20-22,I0308
celulosa microcristalina,celulosa microcristalina,I0309
behenato de poliglicerilo-6,behenato de poliglicerilo-6,I0310
ectoína,ectoína,I0311
o-cimen-5-ol,o-cimen-5-ol,I0312
sebacato de diisopropilo,sebacato de diisopropilo,I0313
fructooligosacáridos,fructooligosacáridos,I0314
sulfato de lauril de sodio,sulfato de lauril de sodio,I0316
cocoamida DEA,cocoamida DEA,I0317
EDTA tetrasódico,EDTA tetrasódico,I0318
silicato dimetil siliar,silicato dimetil siliar,I0320
clorhidrato de arginina,clorhidrato de arginina,I0321
ácido glicirretínico,ácido glicirretínico,I0322
cera de copernicia cerifera,cera de copernicia cerifera,I0323
metilcelulosa hidroxipropílica,metilcelulosa hidroxipropílica,I0324
distearato de poliglicerilo-6,distearato de poliglicerilo-6,I0325
ésteres de cetilo,ésteres de cetilo,I0326
ésteres de jojoba,ésteres de jojoba,I0327
ácido capriloil salicílico,ácido capriloil salicílico,I0328
sales minerales,sales minerales,I0329
fermento de Vitreoscilla,fermento de Vitreoscilla,I0330
cera de flor de acacia decurrens,cera de flor de acacia decurrens,I0331
copolímero de acrilamida/taurato de sodio acryloildimetilo,copolímero de acrilamida/taurato de sodio acryloildimetilo,I0332
cera de semilla de Helianthus annuus,cera de semilla de Helianthus annuus,I0333
cera de semilla de girasol,cera de semilla de girasol,I0334
cera de abejas poliglicerilo-3,cera de abejas poliglicerilo-3,I0335
oleato de sorbitán,oleato de sorbitán,I0336
etoxidiglicol,etoxidiglicol,I0337
ácido ferúlico,ácido ferúlico,I0339
copolímero de acrilato de alquilo C12-22/hidroxiacrilato de etilo,copolímero de acrilato de alquilo C12-22/hidroxiacrilato de etilo,I0340
manteca de karité (Butyrospermum parkii),manteca de karité (Butyrospermum parkii),I0342
drometrizoltrisiloxano,drometrizoltrisiloxano,I0343
tinosorb A2B,tinosorb A2B,I0344
extracto de algas rojas,extracto de algas rojas,I0347
cobre,cobre,I0351
madecasoside,madecasoside,I0352
neohesperidina,neohesperidina,I0353
poliacrilato de sodio,poliacrilato de sodio,I0355
glicirrizato de dipotasio,glicirrizato de dipotasio,I0356
polideceno hidrogenado,polideceno hidrogenado,I0357
poliquaternium-51,poliquaternium-51,I0358
adipato de diisopropilo,adipato de diisopropilo,I0359
triisostearina,triisostearina,I0360
hidróxido de potasio,hidróxido de potasio,I0361
poliquaternium-67,poliquaternium-67,I0362
dilinoleato de diisostearoil poliglicerilo-3,dilinoleato de diisostearoil poliglicerilo-3,I0363
aceite de semilla de colza hidrogenado,aceite de semilla de colza hidrogenado,I0364
poliestearato de sacarosa,poliestearato de sacarosa,I0365
poliisobuteno hidrogenado,poliisobuteno hidrogenado,I0366
OTZ 10,OTZ 10,I0368
aceite de semilla de vitis vinifera,aceite de semilla de vitis vinifera,I0370
estearato de glicerilo SE,estearato de glicerilo SE,I0371
aceite de onagra,aceite de onagra,I0372
palmitato de ascorbilo,palmitato de ascorbilo,I0373
triglicéridos de alcano C15-19 C10-18,triglicéridos de alcano C15-19 C10-18,I0374
almidón de maíz modificado,almidón de maíz modificado,I0375
aceite de coco,aceite de coco,I0376
glucósido de maltooligosilo,glucósido de maltooligosilo,I0377
glicerol,glicerol,I0378
miristato de miristilo,miristato de miristilo,I0379
estearato de hidroxiestearoil alquilo C18-38,estearato de hidroxiestearoil alquilo C18-38,I0380
colágeno,colágeno,I0386
dimeticona,dimeticona,I0389
tocoferol,tocoferol,I0391
butilenglicol,butilenglicol,I0392
ceramida,ceramida,I0393
fragancia,fragancia,I0394
espongina,espongina,I0395
parabenos,parabenos,I0399
éter de dicaprililo,éter de dicaprililo,I0400
ácido láctico,ácido láctico,I0407
